29012025045634,14,"Stanley #2 Philips Screwdriver",6.95,8,10%,50.04,January 29, 2025, 4:56:34AM EST
29012025045932,286934,"1 lb - coffee beans",6.50,3,0%,19.50,January 29, 2025, 4:59:32AM EST
29012025045932,2,"Tamiya 2oz paint - ferrari red",2.39,3,0%,7.17,January 29, 2025, 4:59:32AM EST
29012025045932,2234983,"Wilson NCAA official softball - 1 doz",55.00,15,20%,660.00,January 29, 2025, 4:59:32AM EST
29012025115922,14,"Stanley #2 Philips Screwdriver",6.95,3,0%,20.85,January 29, 2025, 11:59:22AM EST
29012025200943,14,"Stanley #2 Philips Screwdriver",6.95,3,0%,20.85,January 29, 2025, 8:09:43PM EST
29012025203330,14,"Stanley #2 Philips Screwdriver",6.95,2,0%,13.90,January 29, 2025, 8:33:30PM EST
29012025203330,14,"Stanley #2 Philips Screwdriver",6.95,10,15%,59.07,January 29, 2025, 8:33:30PM EST
29012025211301,14,"Stanley #2 Philips Screwdriver",6.95,1,0%,6.95,January 29, 2025, 9:13:01PM EST
29012025211301,339921,"Yamaha KT 100 kart engine",950.00,1,0%,950.00,January 29, 2025, 9:13:01PM EST
29012025214752,14,"Stanley #2 Philips Screwdriver",6.95,2,0%,13.90,January 29, 2025, 9:47:52PM EST
